index,company,street_address,city,state,zip,phone,full_name,first_name,last_name,website,customer,partner,first_group,different_domains,email
18,California Beach Hut,2 Broadway, Denville,NJ,07834,(973) 627-4488,,,,,,,,,calbeachhut@aol.com
26,Denville Cleaners,31 E Main St, Denville,NJ,07834,(973) 625-4424,,,,,,,,,denvillecleaners@gmail.com
32,Denville Mart,1 Broadway, Denville,NJ,07834,(973) 627-7757,,,,,,,,,info@denvilleartscouncil.org
65,Janet C. Navarro Attorney at Law,2 Broadway, Denville,NJ,07834,(973) 625-1100,,,,,,,,,navarro@bellatlantic.net
66,"Joseph Sirvent, PA (Attorney)",2 Broadway, Denville,NJ,07834,(973) 627-2270,Joseph Sirvent,Joseph,Sirvent,,,,,,josephjsirventpa@gmail.com
70,"Leslie Malnak, MSW, ACSW",1 Broadway #201, Denville,NJ,07834,(973) 627-8900,Leslie Malnak,Leslie,Malnak,,,,,,lesliemalnak@gmail.com
77,"Megan Lukany, CHES, LSCW",1 Broadway #201, Denville,NJ,07834,(973) 625-4500,Megan Lukany,Megan,Lukany,,,,,,meganlukanyllc@gmail.com
95,Remo A Caputo Law,10 Broadway, Denville,NJ,07834,(973) 627-8020,Remo Caputo,Remo,Caputo,,,,,,remocaputo@msn.com
96,"Revelation Gallery, Inc.",16 Broadway, Denville,NJ,07834,(973) 625-7070,,,,,,,,,revgallery@aol.com
103,Sergio & Company,18 Broadway, Denville,NJ,07834,(973) 627-7700,,,,,,,,,contact.sergioandcompany@gmail.com
103,Sergio & Company,18 Broadway, Denville,NJ,07834,(973) 627-7700,,,,,,,,,sergioandcompany@aol.com
106,Side by Side F.A. Inc,1 Broadway, Denville,NJ,07834,(973) 627-2000,,,,,,,,,sidebysidefa@yahoo.com
107,Sisters (Boutique),18 Broadway, Denville,NJ,07834,(973) 627-7400,,,,,,,,,sisters.denville@gmail.com
109,Speech Therapy Center LLC,2 Broadway, Denville,NJ,07834,(973) 627-7300,,,,,,,,,speechtxcenter@aol.com
113,Summit & Main Deli,2 E Main St, Denville,NJ,07834,(973) 627-7777,,,,,,,,,summitandmain@aol.com